"read_id"	"read_sequence"	"oligo_sequence"	"oligo_tm"	"oligo_length"	"read_kmer_uniqueness"	"coverage"	"cumulative_normalized_coverage"	"score"
"444830r 1"	"GATCCAACCAAACACAGACAACCTAAGCAATATTACCTTTCAATTCAAAACATTAAACTGAAACCTCACCAATATTAAATTTTAAGAACCTAACAAAAATA"	"GATCCAACCAAACACAGACAACCTAAGCAATATTACCTTTCAATTCAAAACATTAAACTGAAACCTCACCAATATTAAATTTTAAGAACCTAACAAAAATA"	"46.1"	101	100	0.109810627829719	0.109810627829719	77.5643564356436
"345066r 1"	"AAAAAAAGTGCATTAGAAAAAAAATGTGCATTAGTTTTGACTTAGTAGGTTTTATGATAAAAATGTCAAATAGAGAGTGGAGAGATTTAATATTAAAAATA"	"AAAAAAAGTGCATTAGAAAAAAAATGTGCATTAGTTTTGACTTAGTAGGTTTTATGATAAAAATGTCAAATAGAGAGTGGAGAGATTTAATATTAAAAATA"	"43.66"	101	100	0.109712507534237	0.219523135363956	77.4950495049505
"1952296f 1"	"TATTAATATCTTGATGTTAGAATAGTGAGTGGTATTCTATTATGGATATTATATTAGACCTTTTGAGATCTTTGTTATTTCTCATTATAATATAATAAAAC"	"TATTAATATCTTGATGTTAGAATAGTGAGTGGTATTCTATTATGGATATTATATTAGACCTTTTGAGATCTTTGTTATTTCTCATTATAATATAATAAAAC"	"43.25"	101	100	0.102003055746345	0.321526191110301	72.049504950495
"1654136f 1"	"TTGTACTCCACTTTCTCTTTTAAATTTTTGTAAATATTAAAATTGGGATAGTAGAAAAGTATACGCATAAAAATATAAAATTGCATAAAAATATAACATTA"	"TTGTACTCCACTTTCTCTTTTAAATTTTTGTAAATATTAAAATTGGGATAGTAGAAAAGTATACGCATAAAAATATAAAATTGCATAAAAATATAACATTA"	"42.44"	101	100	0.0910836685776762	0.412609859687977	64.3366336633663
"1332063f 1"	"TCATCCTTCCATAAATAATATACAATAGTAAAGTCAAGTAATTAATTCTATTGATTATATTACTTTTTAAGTTATTAATTATTATTTATTATATAAAACTA"	"TCATCCTTCCATAAATAATATACAATAGTAAAGTCAAGTAATTAATTCTATTGATTATATTACTTTTTAAGTTATTAATTATTATTTATTATATAAAACTA"	"40.41"	101	100	0.0772767412848152	0.489886600972793	54.5841584158416
"1011094r 1"	"ATTTTTGATCCGAATAATAAACGGGTATTCAGAGAAATAATTAGATTAATTATTGGATATCTAAATTTGTTTGTCTCATATATATACTTTATTTTATCAAC"	"ATTTTTGATCCGAATAATAAACGGGTATTCAGAGAAATAATTAGATTAATTATTGGATATCTAAATTTGTTTGTCTCATATATATACTTTATTTTATCAAC"	"43.25"	101	100	0.0701419940847479	0.560028595057541	49.5445544554455
"1092621r 1"	"AAGAACCTAACAAAAATACCGCTAGCGTTTAAAAGCTTCAACTTAACTCACAACCCAAATATACTCTCCAATTTTAACGTTTCCATGAAAACACCTAACTT"	"AAGAACCTAACAAAAATACCGCTAGCGTTTAAAAGCTTCAACTTAACTCACAACCCAAATATACTCTCCAATTTTAACGTTTCC"	"47.13"	84	95.4022988505747	0.0737444106474538	0.629778107960359	49.2619047619048
"205621r 1"	"AGGGAGTGGAGAGATTTAATATTAAAAATAAATTTACCAATTGATACTCAATATGCCGACTGTGAATAGATCCAACCAAACACGGAAAACCTAGCAATATT"	"AGGGAGTGGAGAGATTTAATATTAAAAATAAATTTACCAATTGATACTCAATATGCCGACTGTGAATAGATCCAACCAAACACGG"	"47.05"	85	83.9080459770115	0.0761133149240969	0.687514893259136	48.4588235294118
"507334f 1"	"ATTATATAAAACTAATAATTAGTTACAACTAAGGTAATGTTTAATTTGAGAGGAAGGAGAAGTATTTAAGTGGCACTTTATTAATATCTTGATGTTACAAT"	"ATTATATAAAACTAATAATTAGTTACAACTAAGGTAATGTTTAATTTGAGAGGAAGGAGAAGTATTTAAGTGGCACTTTATTAATATCTTGATGTTACAAT"	"44.07"	101	94.2528735632184	0.0644089653915701	0.74666741424987	41.7821782178218
"399353r 1"	"CTCATTATAATAAAATAAAACCTTTATTATCTAAACTTATTTTATACAGTAGAATAGAAAAAAAAAGTGCATTAGAAAAAAAAGTGCATTAGTTTTGACTT"	"CTCATTATAATAAAATAAAACCTTTATTATCTAAACTTATTTTATACAGTAGAATAGAAAAAAAAAGTGCATTAGAAAAAAAAGTGCATTAGTTTTGACTT"	"42.44"	101	81.6091954022989	0.0610588581601043	0.78965812085617	30.3663366336634
"1177540r 1"	"TTAAAAGCTTCAACTTAACTCACAGCCCAAATAAACTCTCCAATTTTAATGTTTCCATGAAAACACCTAACTTGTACTCCACTTTCTCTTTTAAATTTTTG"	"TTAAAAGCTTCAACTTAACTCACAGCCCAAATAAACTCTCCAATTTTAATGTTTCCATGAAAACACCTAACTTGTACTCCACTTTCTC"	"47.31"	88	58.6206896551724	0.059110469435528	0.81348733547329	19.3181818181818
"1427349r 1"	"CTCTATTGATTATATTACTATTTAAATTATTAATTATTATTTATTATATAAAAATAATAATTAGTTACAACTAAGTTAATCTTTGATTTGAGAGGAAGGAG"	"CTCTATTGATTATATTACTATTTAAATTATTAATTATTATTTATTATATAAAAATAATAATTAGTTACAACTAAGTTAATCTTTGATTTGAGAGGAAGGAG"	"41.23"	101	70.1149425287356	0.0494946804782664	0.835129869219663	15.2871287128713
"630441f 1"	"ATTTTTGTAAATACTAAAATTGGGATAGTAGAAAAGTATACGCATAAAAATATAAAATTGAATAAAAATATAACATTAGGTTTATTTGTGATCCGAATAAT"	"ATTTTTGTAAATACTAAAATTGGGATAGTAGAAAAGTATACGCATAAAAATATAAAATTGAATAAAAATATAACATTAGGTTTATTTGTGATCCGAATAAT"	"42.44"	101	59.7701149425287	0.0515832410535316	0.848418160664975	9.38613861386139
"436456f 1"	"ATCAACGGCCTGATTTTACTCATCCTTTCATAAATAATATACAATAGTAAAGTCAAGTAATTAATTCTATTGATTATATTACTTTTTAAATTATTAATTAT"	"ATCAACGGCCTGATTTTACTCATCCTTTCATAAATAATATACAATAGTAAAGTCAAGTAATTAATTCTATTGATTATATTACTTTTTAAATTATTAATTAT"	"42.44"	101	42.5287356321839	0.0622082673357536	0.861356022483565	9.13861386138614
"1530104r 1"	"TTTATTTTATCAACGGCCTAATTTTAGTCATCCTTCCATAAATAATATACAATTGTAAAGTCAAGTAATTAATTCTATTGATTATATTACTTTTTAAGTT"	"TTTATTTTATCAACGGCCTAATTTTAGTCATCCTTCCATAAATAATATACAATTGTAAAGTCAAGTAATTAATTCTATTGATTATATTACTTTTTAAGTT"	"42.87"	100	48.8372093023256	0.0557042934637866	0.874139695266397	9.12
"1184199r 1"	"ATTAAAATTGGGATAATAGAAAAGTATACGCATAAAAATATAAAATTGCATAAAAATATAACATTATGTTTATTTTTGATCCGAATAATAAACGGGTATTC"	"ATTAAAATTGGGATAATAGAAAAGTATACGCATAAAAATATAAAATTGCATAAAAATATAACATTATGTTTATTTTTGATCCGAATAATAAACGGGTATTC"	"42.85"	101	39.0804597701149	0.0609887722347598	0.885970199464544	8.35643564356436
"112779f 1"	"TATTTCTCATTATAATATAATAAAACCTTTATTATCTAAACTTATTTTATACAATAGAATAGAAAAAAATAAGTGCATTAGAAAAAAAACGTGCCTTAGCT"	"TATTTCTCATTATAATATAATAAAACCTTTATTATCTAAACTTATTTTATACAATAGAATAGAAAAAAATAAGTGCATTAGAAAAAAAACGTGCCTTAGCT"	"42.44"	101	55.1724137931034	0.0534054751124879	0.897506342776244	8.14851485148515
"436770f 1"	"CAATATGCCGACTGTGGATAGATCCAACCAAACACAGACAACCTAAGCAATATTACGTTTCAATTCAAAACATTAAACTGAACCTCACCAATATTAAATTT"	"CAATATGCCGACTGTGGATAGATCCAACCAAACACAGACAACCTAAGCAATATTACGTTTCAATTCAAAAC"	"47.09"	71	48.2758620689655	0.0716838844423263	0.906897856772403	7.23943661971831
"702761f 1"	"TATGGATATCATATTAGACCTTTTGAGATCTTTGTTATTTCTCATTATAATATAATAAAACATTTATTATCTAAACTTATTTTATACAGTAGCATAGAAAA"	"TATGGATATCATATTAGACCTTTTGAGATCTTTGTTATTTCTCATTATAATATAATAAAACATTTATTATCTAAACTTATTTTATACAGTAGCATAGAAAA"	"42.44"	101	39.0804597701149	0.0707587502277793	0.915966975511978	6.40594059405941
"972673f 1"	"CTAACAAAAATACCGTTAGCGTTTAAAAGATTCAACTTAACTCACAACCCAAATATACTCTCCTATTTTAATGTTTCCATGAAAACATCTAACTTGTACTC"	"CTAACAAAAATACCGTTAGCGTTTAAAAGATTCAACTTAACTCACAACCCAAATATACTCTCCTATTTTAATGTTTCCATGAAAACATCTAACTTGTACTC"	"46.91"	101	66.6666666666667	0.0305995150053966	0.924138994407143	5.77227722772277
"7343r 1"	"AGTTAATGTTTGATTTGAGAGGAAGGAGAAGTATTTAAGTGACACTTTATTAATATCTTGATGTTAGAATAGTGAGTGGTATTCTATTATGGATATCATAT"	"AGTTAATGTTTGATTTGAGAGGAAGGAGAAGTATTTAAGTGACACTTTATTAATATCTTGATGTTAGAATAGTGAGTGGTATTCTATTATGGATATCATAT"	"45.69"	101	32.183908045977	0.0735481700564893	0.931259724422142	5.02970297029703
"27569f 1"	"TTTAACGTTTCCATGAAAACACCTAACTTGTATTCCACTTTCTCTTTTAAATTTTTGTAAATATTAAAATTGGGATAGTAGAAAAGTATACGCATAAAAAT"	"TTTAACGTTTCCATGAAAACACCTAACTTGTATTCCACTTTCTCTTTTAAATTTTTGTAAATATTAAAATTGGGATAGTAGAAAAGTATACGCATAAAAAT"	"44.47"	101	17.2413793103448	0.0829116496825108	0.937511388962868	4.41584158415842
"1574136f 1"	"AAATAAGTAGATTAATTATTGAATATCTAAATTTGTTTGTCTCATAAATATACTTTATTTTATCAACGGCTTGATTTTACTCATCGTGAGTGGTATTCTAT"	"AAATAAGTAGATTAATTATTGAATATCTAAATTTGTTTGTCTCATAAATATACTTTATTTTATCAACGGCTTGATTTTACTCATCGTGAGTGGTATTCTAT"	"44.07"	101	75.8620689655172	0.0232965615845026	0.943538778542493	4.25742574257426
"120192r 1"	"AAACTGAAACCTCACCAATATTAAATTTTAAGAACGTAACAAAAATACCGCTAGCGTTTAAAAGCTTCAACTTAACTCACAGCCCAAATAAACTCTCCAAT"	"AAACTGAAACCTCACCAATATTAAATTTTAAGAACGTAACAAAAATACCGCTAGCGTTTAAAAGCTTCAACTTAACTCACAGCCC"	"47.05"	85	17.2413793103448	0.0709549908187438	0.948192483985366	3.90588235294118
"1196759f 1"	"CTTAGTAGGTTTTATGATAAAAATGACAAATAGAGAGTGGAGAGATTTAATATTAAAAATACATTTACCAATTGATACTTAATATGCAGACTGTGA"	"CTTAGTAGGTTTTATGATAAAAATGACAAATAGAGAGTGGAGAGATTTAATATTAAAAATACATTTACCAATTGATACTTAATATGCAGACTGTGA"	"44.65"	96	57.3170731707317	0.0506440896539157	0.953154567499755	3.6875
"1783985r 1"	"TATTATATATTATATAAAAATCATAATTAGTTATAACTAAGTTAATCTTTGATTTGAGAGGAAAGAGAAGTATTTAAGTGGTACTTTATTAATATCTTGAT"	"TATTATATATTATATAAAAATCATAATTAGTTATAACTAAGTTAATCTTTGATTTGAGAGGAAAGAGAAGTATTTAAGTGGTACTTTATTAATATCTTGAT"	"42.04"	101	73.5632183908046	0.0192455950995921	0.958354943160315	3.67326732673267
"1403323f 1"	"TTGTTATTTCTCATTATAATATAGTAAAACCTTTATTATCTAAACTTATTTTATAGAGTAGAATATAAAAAAAAAGGGCATTAGAAAAAAAA"	"TTGTTATTTCTCATTATAATATAGTAAAACCTTTATTATCTAAACTTATTTTATAGAGTAGAATATAAAAAAAAAGGGCATTAGAAAAAAAA"	"40.8"	92	65.3846153846154	0.0353933922989585	0.96298061423305	3.58695652173913
"268176r 1"	"TCTAAATTTGTTTGTCTCATATATATACTTTATTTTATCAACGACCTGATTTTACTCATCCTTCCATAAATAATATACAATAGTAAAGTCAAGTAATTAAT"	"TCTAAATTTGTTTGTCTCATATATATACTTTATTTTATCAACGACCTGATTTTACTCATCCTTCCATAAATAATATACAATAGTAAAGTCAAGTAATTAAT"	"43.66"	101	24.1379310344828	0.0556622419085799	0.967592268120716	3.25742574257426
"1451134r 1"	"GATTATATTACTTTTAAGTTATTAATTATTATTGATTATATAAAACTAAAAATTAGTTATAACTAAGGTAATGTTTGATTTGAGAGGAAGGAGAAGTATTT"	"GATTATATTACTTTTAAGTTATTAATTATTATTGATTATATAAAACTAAAAATTAGTTATAACTAAGGTAATGTTTGATTTGAGAGGAAGGAGAAGTATTT"	"42.04"	101	60.9195402298851	0.0293099339790583	0.971783406456315	2.96039603960396
"120192f 1"	"TAAATATTAAAATTGGGATAATAGAAAAGTATACGCATAAAAATATAACATTGAGTTATTTGTGATCCGAACAATAAACGGGTATTCAGAGAAATAATTAG"	"TAAATATTAAAATTGGGATAATAGAAAAGTATACGCATAAAAATATAACATTGAGTTATTTGTGATCCGAACAATAAACGGGTATTCAGAGAAATAATTAG"	"44.47"	101	36.7816091954023	0.0481910822668592	0.975343771463815	2.51485148514851
"1699519r 1"	"GTAACCAAAATACCGCTAGCGTTTAAAAGCTTCAACTTAACTCACAGCCCAAATAAACTCTCCAATTGTAATGTTTCCATGAAAACACCTAACTTTTAATC"	"GTAACCAAAATACCGCTAGCGTTTAAAAGCTTCAACTTAACTCACAGCCCAAATAAACTCTCCAATTGTAATGTTTC"	"47.15"	77	31.0344827586207	0.0501815225466422	0.978483620919247	2.09090909090909
"424051r 1"	"ACAAAAATACCGCTAGCGTTTAAAAGCATCAACTTAACTCACAACCCAAATATACTCTCCAATTTTAACGTTTCCATCAAAACACCTAACTTGTATTCCAC"	"ACAAAAATACCGCTAGCGTTTAAAAGCATCAACTTAACTCACAACCCAAATATACTCTCCAATTTTAACGTTTCCATCAAAACAC"	"47.05"	85	34.4827586206897	0.0470416730912098	0.980446026828892	1.64705882352941
"409445f 1"	"AATAGAAAAAATAGGTGCATTAGAAAAAAATGTGCTTTAGTTTTGACTTAGTAGGTTTTGTGATAAAAATGTCAAATAGAGAGTGGAGAGATTCAATATTA"	"AATAGAAAAAATAGGTGCATTAGAAAAAAATGTGCTTTAGTTTTGACTTAGTAGGTTTTGTGATAAAAATGTCAAATAGAGAGTGGAGAGATTCAATATTA"	"45.28"	101	65.5172413793103	0.0423599332781991	0.982772879550329	1.64356435643564
"991311r 1"	"AACATCTAACTTGTACTCCACTTTCTCTTTTAAATTTTTGTAAATATTAAAATTGGGATAGTAGAAAAGTATACGCATAAACATATAAAATTGCATAAAAA"	"AACATCTAACTTGTACTCCACTTTCTCTTTTAAATTTTTGTAAATATTAAAATTGGGATAGTAGAAAAGTATACGCATAAACATATAAAATTGCATAAAAA"	"43.66"	101	18.3908045977011	0.0733519294655247	0.985071697901627	1.62376237623762
"219930f 1"	"GCAATATTACTTTTCAATTCAAAACATTAAACTGAATCCTCACCAATATTAAATTTTAAGAACCTAACAGAAATACCGCTAGCGTTTAATGTTTCCATGAA"	"GCAATATTACTTTTCAATTCAAAACATTAAACTGAATCCTCACCAATATTAAATTTTAAGAACCTAACAGAAATACCGCTAGCGTTTAATGTTTCCATGAA"	"46.1"	101	57.4712643678161	0.0480649276012391	0.987272395957444	1.55445544554455
"489763r 1"	"CCTAACAAAAATACCGCTAGCGTTTAAAAGCTTCAACGTAACTCACAACCCAAATATACTCTCCAATTTTAACGTTTCCATGAAAACACCTAACTTGTATT"	"CCTAACAAAAATACCGCTAGCGTTTAAAAGCTTCAACGTAACTCACAACCCAAATATACTCTCCAATTTTAACGTTTC"	"47.07"	78	17.2413793103448	0.0613532190465511	0.988870355055298	1.46153846153846
"143143r 1"	"TGATGTTAGAATAGTGAGTGGTATTCTATTATGGATATTATATTAGACCTTTTGAGATCATTGTTATTTCTCATTATAATAAAATAAAACCTTTATTATCT"	"TGATGTTAGAATAGTGAGTGGTATTCTATTATGGATATTATATTAGACCTTTTGAGATCATTGTTATTTCTCATTATAATAAAATAAAACCTTTATTATCT"	"43.66"	101	19.5402298850575	0.0685720693570317	0.990762675039599	1.33663366336634
"1433303f 1"	"TAAACTGAAACCTCACCAATATTAAATTTTAAGAACGTAACCAAAATACCGCTAGCGTTTAAAAGCTTCAACTTAACTCACAGCCCAAATAAACTCTCCAA"	"TAAACTGAAACCTCACCAATATTAAATTTTAAGAACGTAACCAAAATACCGCTAGCGTTTAAAAGCTTCAACTTAACTCACAGCC"	"47.05"	85	10.3448275862069	0.0667918868532821	0.992122341991281	1.14117647058824
"470967f 1"	"CATCCTTCCATAAATAATATACAATAGTAAAGTCAAGTAATTAACTCTATTGATTATATTACTATTTAAATTATTAATTATTATTTATTATATAAAAATAA"	"CATCCTTCCATAAATAATATACAATAGTAAAGTCAAGTAATTAACTCTATTGATTATATTACTATTTAAATTATTAATTATTATTTATTATATAAAAATAA"	"40.01"	101	16.0919540229885	0.0541063343659326	0.993692266718997	1.10891089108911
"1797527r 1"	"TTGTTATTTCTAATTATAATATAATAAAACATTTATTATCTAAACTTATTTTATAGAGTAGAATAGAAAAAAAAAAGTGCATTAGAAAAAAAATGTGCATT"	"TTGTTATTTCTAATTATAATATAATAAAACATTTATTATCTAAACTTATTTTATAGAGTAGAATAGAAAAAAAAAAGTGCATTAGAAAAAAAATGTGCATT"	"40.82"	101	26.4367816091954	0.0521018769010807	0.9951780883363	1.04950495049505
"224367r 1"	"TATGATAAAAATGTCAAATAGAGAGTGGAGAGATTTAATATTAAAAATACATTTACCAATTGATACTTAATATGCCGACTGTGAATAGATCCAACCAAACA"	"TATGATAAAAATGTCAAATAGAGAGTGGAGAGATTTAATATTAAAAATACATTTACCAATTGATACTTAATATGCCGACTGTGAATAGATCCAACCAAACA"	"45.69"	101	8.04597701149426	0.0734640669460759	0.996397583437294	0.861386138613861
"309328r 1"	"TTAGTTACAACTAAGTTAATGTTTGATTTGAGAGGAAGGAGAAGTATTTAAGTGGCACTTTATTAATATCTTGATGTTAGAATAGTGAGTGGTATTCTATA"	"TTAGTTACAACTAAGTTAATGTTTGATTTGAGAGGAAGGAGAAGTATTTAAGTGGCACTTTATTAATATCTTGATGTTAGAATAGTGAGTGGTATTCTATA"	"46.1"	101	9.19540229885057	0.0716698672572574	0.997378786392117	0.693069306930693
"322592f 1"	"ATCTAAATTTGTTTGTCTCATATATATACTTTATTTTATCAACGGCCTGATTTTACTCATCCTTTCATAAATAATATACAATAGTAAAGTCAAGTAATTA"	"ATCTAAATTTGTTTGTCTCATATATATACTTTATTTTATCAACGGCCTGATTTTACTCATCCTTTCATAAATAATATACAATAGTAAAGTCAAGTAATTA"	"43.69"	100	3.48837209302325	0.0517794816444962	0.998107680015699	0.52
"1037081f 1"	"AATATTAAAATTGGGATAGTAGAAAAGTATACGCATAAAAATATAACATTGGGTTTATTTGTGATCCGAATAATAAACGGGTATTCAGAGAAATAATTAG"	"AATATTAAAATTGGGATAGTAGAAAAGTATACGCATAAAAATATAACATTGGGTTTATTTGTGATCCGAATAATAAACGGGTATTCAGAGAAATAATTAG"	"44.92"	100	17.4418604651163	0.0694411348313032	0.998696401788593	0.42
"1768038f 1"	"TATGCCGAATGTGAATAGATCCAACCAAACACAGACAACCTAAGCAATATTACTTTTCAATTCAAAACATTAAACTGAATCCTCACCAATATTAAATTTTA"	"TATGCCGAATGTGAATAGATCCAACCAAACACAGACAACCTAAGCAATATTACTTTTCAATTCAAAACATTAAACTGAATCCTCACC"	"47.39"	87	14.9425287356322	0.0669600930741089	0.999130934525729	0.35632183908046
"1336191f 1"	"AAAAAAAAAGTGCATTAGAAAAAAATGTGCATTAGTTTTGACTTAGTAGGTTTTATGATAAAAATGACAAATAGAGGGTGGAGAGATTTAATATTAAAAA"	"AAAAAAAAAGTGCATTAGAAAAAAATGTGCATTAGTTTTGACTTAGTAGGTTTTATGATAAAAATGACAAATAGAGGGTGGAGAGATTTAATATTAAAAA"	"44.1"	100	19.7674418604651	0.072258589030151	0.999551450077795	0.3
"9938f 1"	"CTTTTTAAATTACTAATTATTATTTATTATATAAAAATCATAATTAGTTACAACTAAGTTAATCTTTGATTTGAGAGGAAGGAGAAGTATTTAACTGACAC"	"CTTTTTAAATTACTAATTATTATTTATTATATAAAAATCATAATTAGTTACAACTAAGTTAATCTTTGATTTGAGAGGAAGGAGAAGTATTTAACTGACAC"	"42.85"	101	26.4367816091954	0.0408600944758274	0.999887862519449	0.237623762376238
"556297f 1"	"CCATGAAAACACCTAACTTGTACTCCACTTTCTCTTTTAAATTTTTGTAAATACTAAAATTGGGATAGTAGAAAAGTATACGCATAAAAATATAAAATTGC"	"CCATGAAAACACCTAACTTGTACTCCACTTTCTCTTTTAAATTTTTGTAAATACTAAAATTGGGATAGTAGAAAAGTATACGCATAAAAATATAAAATTGC"	"45.28"	101	1.14942528735632	0.0737444106474538	1	0.0792079207920792
